JobSID,Edu_Certification
1,nulla neque libero
2,commodo vulputate justo in blandit
3,pulvinar sed nisl nunc rhoncus
4,ut mauris
5,imperdiet sapien urna pretium
6,sed vel enim sit amet
7,diam cras
8,velit nec nisi vulputate nonummy
9,adipiscing elit proin
10,molestie sed justo pellentesque
11,nisl duis bibendum
12,suspendisse potenti cras in purus
13,accumsan odio curabitur
14,vulputate elementum nullam
15,accumsan felis ut at dolor
16,scelerisque mauris sit
17,aliquet ultrices erat tortor sollicitudin
18,duis consequat
19,hac habitasse platea
20,ligula sit amet eleifend pede
21,ultrices vel augue vestibulum
22,mi sit amet
23,sed magna at nunc commodo
24,sapien placerat
25,orci mauris lacinia sapien quis
26,consectetuer eget
27,et ultrices posuere cubilia curae
28,rhoncus dui
29,vitae mattis nibh ligula nec
30,felis sed lacus morbi sem
31,ante ipsum primis in faucibus
32,eu felis fusce posuere felis
33,cubilia curae mauris viverra
34,eros viverra eget congue eget
35,et magnis dis
36,est donec odio justo sollicitudin
37,iaculis congue vivamus metus
38,sollicitudin mi sit amet
39,sem mauris
40,porttitor id consequat in consequat
41,nulla tellus in
42,turpis sed ante vivamus tortor
43,vestibulum quam sapien
44,vitae ipsum aliquam
45,eros elementum pellentesque quisque
46,morbi ut
47,a nibh
48,aliquet pulvinar sed
49,magna at nunc commodo placerat
50,interdum venenatis turpis
51,pellentesque at nulla suspendisse potenti
52,suspendisse potenti cras in
53,et ultrices posuere
54,imperdiet et commodo
55,ipsum primis in faucibus orci
56,eget orci vehicula
57,sed ante vivamus tortor duis
58,pede justo lacinia eget
59,quis justo
60,vulputate elementum nullam varius
61,faucibus orci
62,vestibulum ante ipsum primis
63,vel augue vestibulum rutrum rutrum
64,iaculis congue vivamus metus arcu
65,ipsum praesent blandit lacinia
66,lectus pellentesque eget
67,amet lobortis sapien sapien
68,est quam pharetra
69,in felis eu sapien cursus
70,morbi non lectus aliquam
71,orci luctus et ultrices posuere
72,convallis morbi odio odio elementum
73,id justo sit amet
74,at ipsum ac
75,tempor turpis nec
76,ipsum praesent
77,donec quis orci
78,praesent blandit lacinia erat vestibulum
79,suspendisse potenti
80,proin eu mi nulla ac
81,imperdiet et commodo vulputate
82,metus arcu
83,tincidunt ante vel
84,diam erat
85,mauris sit amet eros
86,odio elementum eu interdum
87,ultrices posuere cubilia curae mauris
88,congue diam
89,fermentum donec ut mauris
90,sapien ut nunc
91,curabitur convallis
92,adipiscing molestie hendrerit
93,ultrices libero non mattis
94,nulla eget
95,penatibus et
96,proin risus praesent lectus
97,cras mi pede
98,amet cursus
99,libero rutrum ac lobortis
100,blandit lacinia erat vestibulum sed
